{
  "description": "项目私有配置文件。此文件中的内容将覆盖 project.config.json 中的相同字段。项目的改动优先同步到此文件中。详见文档：https://developers.weixin.qq.com/miniprogram/dev/devtools/projectconfig.html",
  "projectname": "local_life",
  "setting": {
    "compileHotReLoad": true,
    "urlCheck": false
  },
  "condition": {
    "miniprogram": {
      "list": [
        {
          "name": "pages/shoplist/shoplist",
          "pathName": "pages/shoplist/shoplist",
          "query": "id=1&title=美食",
          "launchMode": "default",
          "scene": null
        }
      ]
    }
  }
}